{
  "project_info": {
    "project_number": "973346518325",
    "project_id": "cnsc-research-library",
    "storage_bucket": "cnsc-research-library.firebasestorage.app"
  },
  "client": [
    {
      "client_info": {
        "mobilesdk_app_id": "1:973346518325:android:9cb033af30e2be912d887c",
        "android_client_info": {
          "package_name": "com.example.cnscresearchlibraryapp"
        }
      },
      "oauth_client": [],
      "api_key": [
        {
          "current_key": "AIzaSyBJ3FKIX4ibX7baPDSZjTO4yGT4oCNqf08"
        }
      ],
      "services": {
        "appinvite_service": {
          "other_platform_oauth_client": []
        }
      }
    }
  ],
  "configuration_version": "1"
}